repository,file,commits,avg_ccn,hotspot_score
elastic/elasticsearch,modules/lang-painless/src/main/java/org/elasticsearch/painless/AnalyzerCaster.java,42,42.55555555555556,1787.3333333333335
elastic/elasticsearch,test/framework/src/main/java/org/elasticsearch/search/RandomSearchRequestGenerator.java,54,30.333333333333332,1638.0
elastic/elasticsearch,server/src/main/java/org/elasticsearch/Version.java,450,2.9047619047619047,1307.142857142857
elastic/elasticsearch,x-pack/plugin/esql/src/main/java/org/elasticsearch/xpack/esql/analysis/Analyzer.java,266,4.827338129496403,1284.0719424460433
elastic/elasticsearch,x-pack/plugin/esql/src/main/java/org/elasticsearch/xpack/esql/action/EsqlCapabilities.java,807,1.4615384615384615,1179.4615384615383
elastic/elasticsearch,server/src/test/java/org/elasticsearch/index/engine/InternalEngineTests.java,330,3.330316742081448,1099.0045248868778
elastic/elasticsearch,server/src/main/java/org/elasticsearch/action/search/TransportSearchAction.java,226,4.758064516129032,1075.3225806451612
elastic/elasticsearch,server/src/main/java/org/elasticsearch/repositories/blobstore/BlobStoreRepository.java,392,2.728395061728395,1069.530864197531
spring-projects/spring-framework,spring-beans/src/main/java/org/springframework/beans/factory/support/DefaultListableBeanFactory.java,267,3.8435374149659864,1026.2244897959183
elastic/elasticsearch,server/src/main/java/org/elasticsearch/rest/action/cat/RestIndicesAction.java,56,17.444444444444443,976.8888888888888
elastic/elasticsearch,server/src/main/java/org/elasticsearch/snapshots/SnapshotsService.java,331,2.9217391304347826,967.0956521739131
elastic/elasticsearch,server/src/main/java/org/elasticsearch/snapshots/RestoreService.java,201,4.7272727272727275,950.1818181818182
elastic/elasticsearch,test/framework/src/main/java/org/elasticsearch/test/rest/ESRestTestCase.java,364,2.5566502463054186,930.6206896551723
elastic/elasticsearch,server/src/main/java/org/elasticsearch/index/shard/IndexShard.java,423,2.191919191919192,927.1818181818182
elastic/elasticsearch,server/src/main/java/org/elasticsearch/index/engine/InternalEngine.java,330,2.7672413793103448,913.1896551724137
elastic/elasticsearch,test/framework/src/main/java/org/elasticsearch/test/InternalTestCluster.java,351,2.5449101796407185,893.2634730538922
elastic/elasticsearch,test/framework/src/main/java/org/elasticsearch/test/ESIntegTestCase.java,396,2.1683168316831685,858.6534653465347
elastic/elasticsearch,x-pack/plugin/esql/src/main/java/org/elasticsearch/xpack/esql/plugin/ComputeService.java,195,4.315789473684211,841.578947368421
elastic/elasticsearch,x-pack/plugin/esql/src/main/java/org/elasticsearch/xpack/esql/planner/LocalExecutionPlanner.java,282,2.979591836734694,840.2448979591837
spring-projects/spring-framework,spring-beans/src/main/java/org/springframework/beans/factory/support/AbstractAutowireCapableBeanFactory.java,182,4.592105263157895,835.7631578947369
elastic/elasticsearch,server/src/test/java/org/elasticsearch/index/shard/IndexShardTests.java,336,2.467455621301775,829.0650887573964
elastic/elasticsearch,server/src/main/java/org/elasticsearch/rest/action/cat/RestNodesAction.java,47,17.0,799.0
elastic/elasticsearch,server/src/main/java/org/elasticsearch/node/Node.java,377,2.1052631578947367,793.6842105263157
elastic/elasticsearch,server/src/main/java/org/elasticsearch/search/SearchService.java,279,2.80327868852459,782.1147540983605
elastic/elasticsearch,server/src/test/java/org/elasticsearch/snapshots/SnapshotResiliencyTests.java,307,2.510204081632653,770.6326530612245
elastic/elasticsearch,server/src/main/java/org/elasticsearch/action/bulk/TransportBulkAction.java,184,4.125,759.0
elastic/elasticsearch,x-pack/plugin/esql/src/main/java/org/elasticsearch/xpack/esql/parser/LogicalPlanBuilder.java,225,3.3461538461538463,752.8846153846154
elastic/elasticsearch,server/src/main/java/org/elasticsearch/index/mapper/NumberFieldMapper.java,197,3.742574257425743,737.2871287128713
elastic/elasticsearch,server/src/main/java/org/elasticsearch/index/mapper/DocumentParser.java,218,3.3424657534246576,728.6575342465753
elastic/elasticsearch,server/src/main/java/org/elasticsearch/cluster/metadata/MetadataCreateIndexService.java,183,3.9047619047619047,714.5714285714286
spring-projects/spring-framework,spring-core/src/main/java/org/springframework/asm/ClassReader.java,39,17.5,682.5
elastic/elasticsearch,server/src/main/java/org/elasticsearch/index/mapper/KeywordFieldMapper.java,247,2.7254901960784315,673.1960784313726
elastic/elasticsearch,server/src/main/java/org/elasticsearch/cluster/metadata/MetadataIndexTemplateService.java,183,3.5903614457831323,657.0361445783133
elastic/elasticsearch,test/framework/src/main/java/org/elasticsearch/test/ESTestCase.java,421,1.5266903914590748,642.7366548042705
spring-projects/spring-framework,spring-beans/src/main/java/org/springframework/beans/factory/support/ConstructorResolver.java,100,6.4,640.0
elastic/elasticsearch,server/src/main/java/org/elasticsearch/common/time/DateFormatters.java,62,10.25,635.5
elastic/elasticsearch,server/src/main/java/org/elasticsearch/snapshots/SnapshotShardsService.java,126,4.92,619.92
elastic/elasticsearch,x-pack/plugin/esql/src/main/java/org/elasticsearch/xpack/esql/analysis/Verifier.java,130,4.655172413793103,605.1724137931034
NationalSecurityAgency/ghidra,Ghidra/Features/Base/src/main/java/ghidra/app/util/opinion/MachoProgramBuilder.java,85,7.065217391304348,600.5434782608695
spring-projects/spring-framework,spring-beans/src/main/java/org/springframework/beans/factory/annotation/AutowiredAnnotationBeanPostProcessor.java,155,3.8222222222222224,592.4444444444445
elastic/elasticsearch,server/src/main/java/org/elasticsearch/action/search/SearchPhaseController.java,107,5.521739130434782,590.8260869565217
elastic/elasticsearch,server/src/main/java/org/elasticsearch/ingest/IngestService.java,177,3.3378378378378377,590.7972972972973
elastic/elasticsearch,x-pack/plugin/esql/qa/testFixtures/src/main/java/org/elasticsearch/xpack/esql/CsvTestsDataLoader.java,143,4.097560975609756,585.9512195121952
elastic/elasticsearch,server/src/main/java/org/elasticsearch/action/ActionModule.java,228,2.5625,584.25
elastic/elasticsearch,server/src/main/java/org/elasticsearch/cluster/coordination/Coordinator.java,234,2.4952380952380953,583.8857142857142
elastic/elasticsearch,server/src/main/java/org/elasticsearch/common/settings/ClusterSettings.java,272,2.142857142857143,582.8571428571429
spring-projects/spring-framework,spring-context/src/main/java/org/springframework/context/annotation/ConfigurationClassParser.java,165,3.457627118644068,570.5084745762712
spring-projects/spring-framework,spring-beans/src/main/java/org/springframework/beans/factory/support/AbstractBeanFactory.java,157,3.6285714285714286,569.6857142857143
elastic/elasticsearch,server/src/main/java/org/elasticsearch/cluster/metadata/IndexNameExpressionResolver.java,157,3.558139534883721,558.6279069767442
spring-projects/spring-framework,spring-core/src/main/java/org/springframework/core/io/support/PathMatchingResourcePatternResolver.java,108,5.157894736842105,557.0526315789474
elastic/elasticsearch,server/src/main/java/org/elasticsearch/index/mapper/DateFieldMapper.java,199,2.7866666666666666,554.5466666666666
elastic/elasticsearch,server/src/main/java/org/elasticsearch/indices/IndicesService.java,220,2.5,550.0
elastic/elasticsearch,server/src/main/java/org/elasticsearch/index/mapper/vectors/DenseVectorFieldMapper.java,210,2.604895104895105,547.027972027972
elastic/elasticsearch,test/framework/src/main/java/org/elasticsearch/search/aggregations/AggregatorTestCase.java,275,1.9431818181818181,534.375
spring-projects/spring-framework,spring-core/src/main/java/org/springframework/core/annotation/AnnotationUtils.java,200,2.6296296296296298,525.925925925926
elastic/elasticsearch,server/src/main/java/org/elasticsearch/cluster/metadata/Metadata.java,259,2.0076923076923077,519.9923076923077
elastic/elasticsearch,server/src/main/java/org/elasticsearch/index/mapper/TextFieldMapper.java,203,2.5474452554744524,517.1313868613139
elastic/elasticsearch,server/src/test/java/org/elasticsearch/action/admin/cluster/node/stats/NodeStatsTests.java,83,6.1875,513.5625
elastic/elasticsearch,server/src/main/java/org/elasticsearch/action/admin/indices/rollover/TransportRolloverAction.java,110,4.666666666666667,513.3333333333334
elastic/elasticsearch,server/src/main/java/org/elasticsearch/action/fieldcaps/TransportFieldCapabilitiesAction.java,106,4.8,508.79999999999995
elastic/elasticsearch,server/src/main/java/org/elasticsearch/index/IndexVersions.java,177,2.8,495.59999999999997
NationalSecurityAgency/ghidra,Ghidra/Features/Base/src/main/java/ghidra/app/util/opinion/ElfProgramBuilder.java,80,6.163461538461538,493.0769230769231
spring-projects/spring-framework,spring-expression/src/main/java/org/springframework/expression/spel/support/ReflectionHelper.java,60,8.181818181818182,490.9090909090909
elastic/elasticsearch,server/src/main/java/org/elasticsearch/search/query/QueryPhase.java,89,5.5,489.5
spring-projects/spring-framework,spring-beans/src/main/java/org/springframework/beans/TypeConverterDelegate.java,44,11.071428571428571,487.1428571428571
elastic/elasticsearch,modules/lang-painless/src/main/java/org/elasticsearch/painless/lookup/PainlessLookupBuilder.java,54,8.9,480.6
elastic/elasticsearch,server/src/main/java/org/elasticsearch/action/admin/cluster/snapshots/status/TransportSnapshotsStatusAction.java,71,6.75,479.25
elastic/elasticsearch,x-pack/plugin/esql/src/main/java/org/elasticsearch/xpack/esql/plugin/EsqlPlugin.java,164,2.909090909090909,477.0909090909091
spring-projects/spring-framework,spring-webmvc/src/main/java/org/springframework/web/servlet/DispatcherServlet.java,110,4.309523809523809,474.04761904761904
spring-projects/spring-framework,spring-webmvc/src/main/java/org/springframework/web/servlet/mvc/method/annotation/AbstractMessageConverterMethodProcessor.java,95,4.9523809523809526,470.4761904761905
elastic/elasticsearch,server/src/main/java/org/elasticsearch/common/settings/IndexScopedSettings.java,140,3.3333333333333335,466.6666666666667
elastic/elasticsearch,benchmarks/src/main/java/org/elasticsearch/benchmark/compute/operator/AggregatorBenchmark.java,44,10.25,451.0
elastic/elasticsearch,x-pack/plugin/core/src/test/java/org/elasticsearch/xpack/core/security/authz/store/ReservedRolesStoreTests.java,248,1.8181818181818181,450.9090909090909
elastic/elasticsearch,server/src/main/java/org/elasticsearch/action/admin/indices/alias/TransportIndicesAliasesAction.java,56,8.0,448.0
spring-projects/spring-framework,spring-expression/src/main/java/org/springframework/expression/spel/support/ReflectivePropertyAccessor.java,90,4.96875,447.1875
elastic/elasticsearch,test/framework/src/main/java/org/elasticsearch/index/engine/EngineTestCase.java,201,2.2115384615384617,444.5192307692308
elastic/elasticsearch,x-pack/plugin/esql/src/main/java/org/elasticsearch/xpack/esql/planner/PlannerUtils.java,111,4.0,444.0
spring-projects/spring-framework,spring-core/src/main/java/org/springframework/core/ResolvableType.java,143,3.0961538461538463,442.75
elastic/elasticsearch,x-pack/plugin/ccr/src/main/java/org/elasticsearch/xpack/ccr/action/TransportResumeFollowAction.java,91,4.777777777777778,434.77777777777777
elastic/elasticsearch,x-pack/plugin/esql/qa/server/src/main/java/org/elasticsearch/xpack/esql/qa/rest/generative/GenerativeRestTest.java,113,3.7916666666666665,428.4583333333333
NationalSecurityAgency/ghidra,Ghidra/Features/Base/src/main/java/ghidra/program/util/SymbolicPropogator.java,47,9.109375,428.140625
elastic/elasticsearch,x-pack/plugin/esql/src/test/java/org/elasticsearch/xpack/esql/optimizer/PhysicalPlanOptimizerTests.java,247,1.7194244604316546,424.6978417266187
spring-projects/spring-framework,spring-context/src/main/java/org/springframework/context/annotation/ConfigurationClassPostProcessor.java,128,3.3125,424.0
spring-projects/spring-framework,spring-beans/src/main/java/org/springframework/beans/BeanUtils.java,101,4.193548387096774,423.54838709677415
elastic/elasticsearch,x-pack/plugin/esql/src/test/java/org/elasticsearch/xpack/esql/analysis/VerifierTests.java,307,1.3791469194312795,423.3981042654028
elastic/elasticsearch,x-pack/plugin/esql/src/main/java/org/elasticsearch/xpack/esql/expression/function/EsqlFunctionRegistry.java,297,1.4230769230769231,422.6538461538462
elastic/elasticsearch,server/src/main/java/org/elasticsearch/index/mapper/ObjectMapper.java,138,3.0375,419.175
spring-projects/spring-framework,spring-expression/src/main/java/org/springframework/expression/spel/support/StandardTypeComparator.java,26,16.0,416.0
elastic/elasticsearch,server/src/main/java/org/elasticsearch/search/builder/SearchSourceBuilder.java,122,3.4015151515151514,414.98484848484844
elastic/elasticsearch,server/src/main/java/org/elasticsearch/index/mapper/SourceFieldMapper.java,119,3.484848484848485,414.6969696969697
spring-projects/spring-framework,spring-jdbc/src/main/java/org/springframework/jdbc/core/StatementCreatorUtils.java,48,8.636363636363637,414.54545454545456
elastic/elasticsearch,server/src/main/java/org/elasticsearch/indices/cluster/IndicesClusterStateService.java,93,4.457142857142857,414.51428571428573
spring-projects/spring-framework,spring-jdbc/src/main/java/org/springframework/jdbc/support/JdbcUtils.java,54,7.642857142857143,412.7142857142857
spring-projects/spring-framework,spring-context/src/main/java/org/springframework/context/annotation/ConfigurationClassBeanDefinitionReader.java,99,4.166666666666667,412.50000000000006
elastic/elasticsearch,server/src/main/java/org/elasticsearch/ElasticsearchException.java,126,3.2714285714285714,412.2
elastic/elasticsearch,server/src/main/java/org/elasticsearch/index/mapper/MapperService.java,198,2.0754716981132075,410.9433962264151
NationalSecurityAgency/ghidra,Ghidra/Features/Base/src/main/java/ghidra/app/util/opinion/PeLoader.java,60,6.793103448275862,407.58620689655174
spring-projects/spring-framework,spring-core/src/main/java/org/springframework/util/StringUtils.java,121,3.3125,400.8125
elastic/elasticsearch,x-pack/plugin/esql/src/main/java/org/elasticsearch/xpack/esql/planner/AbstractPhysicalOperationProviders.java,68,5.888888888888889,400.44444444444446
spring-projects/spring-framework,spring-webmvc/src/main/java/org/springframework/web/servlet/mvc/method/annotation/ServletRequestMethodArgumentResolver.java,38,10.5,399.0
elastic/elasticsearch,server/src/test/java/org/elasticsearch/action/search/TransportSearchActionTests.java,136,2.925,397.79999999999995
termux/termux-app,app/src/main/java/com/termux/app/TermuxService.java,104,3.7906976744186047,394.2325581395349
spring-projects/spring-framework,spring-core/src/main/java/org/springframework/util/ClassUtils.java,124,3.1710526315789473,393.2105263157895
elastic/elasticsearch,x-pack/plugin/esql/src/test/java/org/elasticsearch/xpack/esql/parser/StatementParserTests.java,255,1.537313432835821,392.0149253731343
elastic/elasticsearch,x-pack/plugin/esql/qa/testFixtures/src/main/java/org/elasticsearch/xpack/esql/CsvTestUtils.java,92,4.2439024390243905,390.4390243902439
elastic/elasticsearch,server/src/main/java/org/elasticsearch/cluster/metadata/IndexMetadata.java,170,2.292134831460674,389.66292134831457
elastic/elasticsearch,server/src/main/java/org/elasticsearch/rest/action/search/RestSearchAction.java,90,4.3125,388.125
elastic/elasticsearch,server/src/main/java/org/elasticsearch/index/engine/Engine.java,228,1.698019801980198,387.1485148514851
elastic/elasticsearch,server/src/main/java/org/elasticsearch/cluster/metadata/DataStream.java,182,2.125,386.75
elastic/elasticsearch,server/src/main/java/org/elasticsearch/index/mapper/IpFieldMapper.java,149,2.593220338983051,386.38983050847463
elastic/elasticsearch,modules/lang-painless/src/main/java/org/elasticsearch/painless/MethodWriter.java,64,6.0,384.0
elastic/elasticsearch,x-pack/plugin/esql/src/test/java/org/elasticsearch/xpack/esql/optimizer/LogicalPlanOptimizerTests.java,336,1.1244239631336406,377.80645161290323
elastic/elasticsearch,server/src/main/java/org/elasticsearch/search/fetch/FetchPhase.java,109,3.45,376.05
elastic/elasticsearch,x-pack/plugin/esql/src/main/java/org/elasticsearch/xpack/esql/parser/ExpressionBuilder.java,112,3.341463414634146,374.2439024390244
elastic/elasticsearch,x-pack/plugin/esql/src/internalClusterTest/java/org/elasticsearch/xpack/esql/action/EsqlActionIT.java,177,2.0934579439252334,370.5420560747663
elastic/elasticsearch,modules/transport-netty4/src/main/java/org/elasticsearch/http/netty4/Netty4HttpServerTransport.java,121,3.0588235294117645,370.1176470588235
spring-projects/spring-framework,spring-web/src/main/java/org/springframework/web/method/support/InvocableHandlerMethod.java,88,4.1875,368.5
spring-projects/spring-framework,spring-core/src/main/java/org/springframework/util/AntPathMatcher.java,79,4.651162790697675,367.4418604651163
elastic/elasticsearch,server/src/main/java/org/elasticsearch/indices/recovery/RecoverySourceHandler.java,145,2.52,365.4
elastic/elasticsearch,x-pack/plugin/esql-datasource-parquet/src/main/java/org/elasticsearch/xpack/esql/datasource/parquet/ParquetFormatReader.java,66,5.52054794520548,364.3561643835617
spring-projects/spring-framework,spring-expression/src/main/java/org/springframework/expression/spel/support/ReflectiveConstructorResolver.java,28,13.0,364.0
elastic/elasticsearch,server/src/test/java/org/elasticsearch/index/translog/TranslogTests.java,114,3.19205298013245,363.89403973509934
termux/termux-app,app/src/main/java/com/termux/app/TermuxActivity.java,154,2.3582089552238807,363.1641791044776
termux/termux-app,app/src/main/java/com/termux/app/TermuxInstaller.java,58,6.25,362.5
elastic/elasticsearch,server/src/main/java/org/elasticsearch/cluster/routing/allocation/allocator/BalancedShardsAllocator.java,107,3.382978723404255,361.97872340425533
elastic/elasticsearch,x-pack/plugin/esql/src/test/java/org/elasticsearch/xpack/esql/analysis/AnalyzerTests.java,315,1.1487889273356402,361.86851211072667
elastic/elasticsearch,test/framework/src/main/java/org/elasticsearch/test/AbstractQueryTestCase.java,155,2.3333333333333335,361.6666666666667
elastic/elasticsearch,server/src/main/java/org/elasticsearch/action/admin/cluster/snapshots/get/TransportGetSnapshotsAction.java,112,3.206896551724138,359.17241379310343
spring-projects/spring-framework,spring-webflux/src/main/java/org/springframework/web/reactive/result/method/InvocableHandlerMethod.java,83,4.315789473684211,358.2105263157895
spring-projects/spring-framework,spring-jdbc/src/main/java/org/springframework/jdbc/datasource/init/ScriptUtils.java,48,7.454545454545454,357.8181818181818
elastic/elasticsearch,server/src/main/java/org/elasticsearch/index/get/ShardGetService.java,70,5.105263157894737,357.3684210526316
elastic/elasticsearch,server/src/main/java/org/elasticsearch/action/search/AbstractSearchAsyncAction.java,127,2.8095238095238093,356.8095238095238
elastic/elasticsearch,server/src/main/java/org/elasticsearch/index/mapper/BooleanFieldMapper.java,128,2.760869565217391,353.39130434782606
spring-projects/spring-framework,spring-web/src/main/java/org/springframework/web/util/UriComponentsBuilder.java,157,2.25,353.25
elastic/elasticsearch,server/src/main/java/org/elasticsearch/index/IndexService.java,160,2.202247191011236,352.35955056179773
elastic/elasticsearch,test/framework/src/main/java/org/elasticsearch/transport/AbstractSimpleTransportTestCase.java,224,1.5724137931034483,352.2206896551724
spring-projects/spring-framework,spring-messaging/src/main/java/org/springframework/messaging/simp/stomp/StompDecoder.java,66,5.333333333333333,352.0
spring-projects/spring-framework,spring-context/src/main/java/org/springframework/context/annotation/ConfigurationClassEnhancer.java,80,4.363636363636363,349.09090909090907
elastic/elasticsearch,server/src/test/java/org/elasticsearch/transport/RemoteClusterConnectionTests.java,112,3.0833333333333335,345.33333333333337
elastic/elasticsearch,x-pack/plugin/esql/src/main/java/org/elasticsearch/xpack/esql/planner/EsPhysicalOperationProviders.java,135,2.5526315789473686,344.60526315789474
spring-projects/spring-framework,spring-webmvc/src/main/java/org/springframework/web/servlet/resource/ResourceHttpRequestHandler.java,148,2.324324324324324,343.99999999999994
elastic/elasticsearch,server/src/main/java/org/elasticsearch/cluster/metadata/MetadataCreateDataStreamService.java,93,3.6923076923076925,343.3846153846154
elastic/elasticsearch,modules/lang-painless/src/main/java/org/elasticsearch/painless/Def.java,85,4.011627906976744,340.98837209302326
spring-projects/spring-framework,spring-context/src/main/java/org/springframework/cache/interceptor/CacheAspectSupport.java,118,2.875,339.25
spring-projects/spring-framework,spring-webmvc/src/main/java/org/springframework/web/servlet/mvc/method/annotation/RequestMappingHandlerAdapter.java,154,2.1964285714285716,338.25000000000006
elastic/elasticsearch,server/src/main/java/org/elasticsearch/cluster/metadata/IndexAbstractionResolver.java,47,7.166666666666667,336.83333333333337
elastic/elasticsearch,x-pack/plugin/core/src/main/java/org/elasticsearch/license/XPackLicenseState.java,102,3.2954545454545454,336.1363636363636
spring-projects/spring-framework,spring-expression/src/main/java/org/springframework/expression/spel/ast/Indexer.java,88,3.8,334.4
elastic/elasticsearch,server/src/main/java/org/elasticsearch/transport/TcpTransport.java,135,2.4583333333333335,331.875
elastic/elasticsearch,x-pack/plugin/esql/qa/testFixtures/src/main/java/org/elasticsearch/xpack/esql/EsqlTestUtils.java,152,2.1560283687943262,327.7163120567376
spring-projects/spring-framework,spring-webmvc/src/main/java/org/springframework/web/servlet/config/AnnotationDrivenBeanDefinitionParser.java,93,3.52,327.36
elastic/elasticsearch,server/src/main/java/org/elasticsearch/action/admin/cluster/state/TransportClusterStateAction.java,54,6.0,324.0
elastic/elasticsearch,x-pack/plugin/esql/qa/testFixtures/src/main/java/org/elasticsearch/xpack/esql/CsvAssert.java,48,6.7272727272727275,322.90909090909093
elastic/elasticsearch,modules/percolator/src/main/java/org/elasticsearch/percolator/PercolateQueryBuilder.java,123,2.6176470588235294,321.97058823529414
elastic/elasticsearch,server/src/main/java/org/elasticsearch/index/mapper/FieldMapper.java,152,2.1130434782608694,321.18260869565216
spring-projects/spring-framework,spring-websocket/src/main/java/org/springframework/web/socket/config/MessageBrokerBeanDefinitionParser.java,81,3.9565217391304346,320.4782608695652
spring-projects/spring-framework,spring-jdbc/src/main/java/org/springframework/jdbc/core/metadata/CallMetaDataProviderFactory.java,32,10.0,320.0
spring-projects/spring-framework,spring-core/src/main/java/org/springframework/util/MimeTypeUtils.java,68,4.7,319.6
elastic/elasticsearch,server/src/test/java/org/elasticsearch/action/search/SearchPhaseControllerTests.java,89,3.5675675675675675,317.5135135135135
elastic/elasticsearch,server/src/main/java/org/elasticsearch/index/mapper/TypeParsers.java,48,6.6,316.79999999999995
spring-projects/spring-framework,spring-context/src/main/java/org/springframework/scheduling/annotation/ScheduledAnnotationBeanPostProcessor.java,96,3.2962962962962963,316.44444444444446
elastic/elasticsearch,server/src/main/java/org/elasticsearch/index/mapper/GeoPointFieldMapper.java,130,2.4130434782608696,313.69565217391306
spring-projects/spring-framework,spring-webmvc/src/main/java/org/springframework/web/servlet/mvc/method/annotation/RequestMappingHandlerMapping.java,117,2.65625,310.78125
elastic/elasticsearch,x-pack/plugin/esql/qa/server/multi-clusters/src/javaRestTest/java/org/elasticsearch/xpack/esql/ccq/MultiClusterSpecIT.java,132,2.347826086956522,309.9130434782609
elastic/elasticsearch,x-pack/plugin/esql/src/test/java/org/elasticsearch/xpack/esql/action/EsqlQueryResponseTests.java,92,3.3636363636363638,309.45454545454544
spring-projects/spring-framework,spring-webmvc/src/main/java/org/springframework/web/servlet/mvc/method/annotation/HttpEntityMethodProcessor.java,76,4.071428571428571,309.4285714285714
elastic/elasticsearch,server/src/test/java/org/elasticsearch/search/aggregations/bucket/terms/TermsAggregatorTests.java,118,2.621212121212121,309.3030303030303
elastic/elasticsearch,x-pack/plugin/esql/compute/gen/src/main/java/org/elasticsearch/compute/gen/GroupingAggregatorImplementer.java,73,4.225806451612903,308.4838709677419
spring-projects/spring-framework,spring-orm/src/main/java/org/springframework/orm/jpa/SharedEntityManagerCreator.java,57,5.411764705882353,308.47058823529414
spring-projects/spring-framework,spring-expression/src/main/java/org/springframework/expression/spel/support/ReflectiveMethodResolver.java,44,7.0,308.0
elastic/elasticsearch,x-pack/plugin/esql/qa/server/src/main/java/org/elasticsearch/xpack/esql/qa/rest/EsqlSpecTestCase.java,135,2.2790697674418605,307.6744186046512
elastic/elasticsearch,server/src/test/java/org/elasticsearch/index/mapper/vectors/DenseVectorFieldMapperTests.java,144,2.1363636363636362,307.6363636363636
spring-projects/spring-framework,spring-websocket/src/main/java/org/springframework/web/socket/messaging/StompSubProtocolHandler.java,104,2.953488372093023,307.1627906976744
spring-projects/spring-framework,spring-messaging/src/main/java/org/springframework/messaging/simp/stomp/StompBrokerRelayMessageHandler.java,122,2.513157894736842,306.60526315789474
elastic/elasticsearch,server/src/main/java/org/elasticsearch/node/NodeConstruction.java,203,1.5098039215686274,306.4901960784314
spring-projects/spring-framework,spring-web/src/main/java/org/springframework/http/converter/FormHttpMessageConverter.java,102,3.0,306.0
elastic/elasticsearch,server/src/test/java/org/elasticsearch/cluster/metadata/DataStreamTests.java,129,2.3645833333333335,305.03125
elastic/elasticsearch,server/src/main/java/org/elasticsearch/cluster/SnapshotsInProgress.java,122,2.5,305.0
NationalSecurityAgency/ghidra,Ghidra/Features/Base/src/main/java/ghidra/app/util/bin/format/macho/commands/LoadCommandFactory.java,10,30.5,305.0
spring-projects/spring-framework,spring-websocket/src/main/java/org/springframework/web/socket/sockjs/transport/TransportHandlingSockJsService.java,60,5.066666666666666,304.0
spring-projects/spring-framework,spring-web/src/main/java/org/springframework/http/ContentDisposition.java,74,4.096774193548387,303.1612903225806
spring-projects/spring-framework,spring-test/src/main/java/org/springframework/test/context/transaction/TransactionalTestExecutionListener.java,74,4.090909090909091,302.72727272727275
elastic/elasticsearch,server/src/main/java/org/elasticsearch/transport/TransportService.java,162,1.864,301.968
spring-projects/spring-framework,spring-web/src/main/java/org/springframework/web/util/HierarchicalUriComponents.java,98,3.075,301.35
spring-projects/spring-framework,spring-test/src/main/java/org/springframework/test/context/support/ActiveProfilesUtils.java,25,12.0,300.0
elastic/elasticsearch,x-pack/plugin/esql/src/main/java/org/elasticsearch/xpack/esql/plugin/TransportEsqlQueryAction.java,147,2.037037037037037,299.44444444444446
spring-projects/spring-framework,spring-webmvc/src/main/java/org/springframework/web/servlet/config/ResourcesBeanDefinitionParser.java,52,5.75,299.0
elastic/elasticsearch,server/src/main/java/org/elasticsearch/bootstrap/Elasticsearch.java,113,2.6296296296296298,297.14814814814815
elastic/elasticsearch,server/src/main/java/org/elasticsearch/cluster/metadata/MetadataIndexStateService.java,81,3.6666666666666665,297.0
elastic/elasticsearch,server/src/main/java/org/elasticsearch/index/IndexMode.java,70,4.217391304347826,295.2173913043478
elastic/elasticsearch,server/src/main/java/org/elasticsearch/action/admin/indices/template/post/TransportSimulateIndexTemplateAction.java,83,3.5555555555555554,295.1111111111111
elastic/elasticsearch,x-pack/plugin/esql/qa/server/single-node/src/javaRestTest/java/org/elasticsearch/xpack/esql/qa/single_node/RestEsqlIT.java,87,3.391304347826087,295.04347826086956
spring-projects/spring-framework,spring-webmvc/src/main/java/org/springframework/web/servlet/config/annotation/WebMvcConfigurationSupport.java,168,1.7536231884057971,294.60869565217394
elastic/elasticsearch,x-pack/plugin/esql/src/main/java/org/elasticsearch/xpack/esql/planner/AggregateMapper.java,76,3.875,294.5
spring-projects/spring-framework,spring-core/src/main/java/org/springframework/util/ReflectionUtils.java,83,3.5476190476190474,294.45238095238096
elastic/elasticsearch,test/framework/src/main/java/org/elasticsearch/index/shard/IndexShardTestCase.java,209,1.4074074074074074,294.14814814814815
NationalSecurityAgency/ghidra,Ghidra/Framework/SoftwareModeling/src/main/java/ghidra/program/database/data/StructureDB.java,50,5.866666666666666,293.3333333333333
elastic/elasticsearch,plugins/repository-hdfs/src/main/java/org/elasticsearch/repositories/hdfs/HdfsRepository.java,57,5.142857142857143,293.14285714285717
elastic/elasticsearch,server/src/main/java/org/elasticsearch/action/bulk/TransportShardBulkAction.java,123,2.3793103448275863,292.65517241379314
spring-projects/spring-framework,spring-test/src/main/java/org/springframework/test/context/support/AbstractTestContextBootstrapper.java,76,3.85,292.6
NationalSecurityAgency/ghidra,Ghidra/Framework/SoftwareModeling/src/main/java/ghidra/program/model/pcode/PcodeDataTypeManager.java,50,5.833333333333333,291.66666666666663
elastic/elasticsearch,x-pack/plugin/ccr/src/main/java/org/elasticsearch/xpack/ccr/action/ShardFollowTasksExecutor.java,95,3.0526315789473686,290.0
elastic/elasticsearch,server/src/main/java/org/elasticsearch/repositories/RepositoriesService.java,106,2.6956521739130435,285.7391304347826
elastic/elasticsearch,server/src/main/java/org/elasticsearch/cluster/routing/allocation/DiskThresholdMonitor.java,53,5.363636363636363,284.27272727272725
elastic/elasticsearch,server/src/test/java/org/elasticsearch/cluster/coordination/CoordinatorTests.java,177,1.6,283.2
elastic/elasticsearch,server/src/main/java/org/elasticsearch/index/mapper/RootObjectMapper.java,96,2.9375,282.0
elastic/elasticsearch,server/src/test/java/org/elasticsearch/repositories/blobstore/BlobStoreRepositoryRestoreTests.java,47,6.0,282.0
elastic/elasticsearch,test/framework/src/main/java/org/elasticsearch/index/mapper/MapperTestCase.java,180,1.5661764705882353,281.9117647058824
spring-projects/spring-framework,spring-web/src/main/java/org/springframework/http/HttpHeaders.java,180,1.5595238095238095,280.7142857142857
spring-projects/spring-framework,spring-aop/src/main/java/org/springframework/aop/framework/CglibAopProxy.java,83,3.357142857142857,278.64285714285717
elastic/elasticsearch,x-pack/plugin/esql/compute/src/test/java/org/elasticsearch/compute/OperatorTests.java,95,2.9285714285714284,278.2142857142857
elastic/elasticsearch,server/src/main/java/org/elasticsearch/TransportVersion.java,139,2.0,278.0
elastic/elasticsearch,x-pack/plugin/ccr/src/main/java/org/elasticsearch/xpack/ccr/action/AutoFollowCoordinator.java,98,2.823529411764706,276.7058823529412
spring-projects/spring-framework,spring-expression/src/main/java/org/springframework/expression/spel/ast/MethodReference.java,72,3.8260869565217392,275.47826086956525
elastic/elasticsearch,server/src/main/java/org/elasticsearch/index/mapper/DocumentMapper.java,105,2.6153846153846154,274.61538461538464
elastic/elasticsearch,server/src/main/java/org/elasticsearch/cluster/routing/allocation/decider/DiskThresholdDecider.java,62,4.428571428571429,274.5714285714286
termux/termux-app,terminal-emulator/src/main/java/com/termux/terminal/TerminalEmulator.java,33,8.253164556962025,272.3544303797468
elastic/elasticsearch,server/src/main/java/org/elasticsearch/env/NodeEnvironment.java,96,2.8219178082191783,270.9041095890411
spring-projects/spring-framework,spring-beans/src/main/java/org/springframework/beans/factory/support/DisposableBeanAdapter.java,58,4.666666666666667,270.6666666666667
elastic/elasticsearch,server/src/main/java/org/elasticsearch/cluster/metadata/MetadataUpdateSettingsService.java,58,4.666666666666667,270.6666666666667
elastic/elasticsearch,x-pack/plugin/esql/compute/src/test/java/org/elasticsearch/compute/data/BasicBlockTests.java,76,3.5591397849462365,270.494623655914
spring-projects/spring-framework,spring-aop/src/main/java/org/springframework/aop/framework/DefaultAopProxyFactory.java,27,10.0,270.0
spring-projects/spring-framework,spring-core/src/main/java/org/springframework/util/ObjectUtils.java,67,4.024390243902439,269.6341463414634
spring-projects/spring-framework,spring-beans/src/main/java/org/springframework/beans/CachedIntrospectionResults.java,56,4.8125,269.5
spring-projects/spring-framework,spring-expression/src/main/java/org/springframework/expression/spel/CodeFlow.java,57,4.723404255319149,269.2340425531915
NationalSecurityAgency/ghidra,Ghidra/Framework/SoftwareModeling/src/main/java/ghidra/program/model/pcode/HighFunctionDBUtil.java,33,8.136363636363637,268.5
elastic/elasticsearch,x-pack/plugin/core/src/main/java/org/elasticsearch/xpack/core/security/authc/Authentication.java,103,2.6055045871559632,268.3669724770642
spring-projects/spring-framework,spring-jms/src/main/java/org/springframework/jms/config/JmsListenerContainerParser.java,23,11.666666666666666,268.3333333333333
NationalSecurityAgency/ghidra,Ghidra/Features/Base/src/main/java/ghidra/app/util/headless/HeadlessAnalyzer.java,45,5.961538461538462,268.2692307692308
elastic/elasticsearch,test/framework/src/main/java/org/elasticsearch/cluster/coordination/AbstractCoordinatorTestCase.java,138,1.9281045751633987,266.078431372549
spring-projects/spring-framework,spring-beans/src/main/java/org/springframework/beans/factory/support/DefaultSingletonBeanRegistry.java,77,3.4545454545454546,266.0
spring-projects/spring-framework,spring-tx/src/main/java/org/springframework/transaction/interceptor/TransactionAspectSupport.java,95,2.7966101694915255,265.67796610169495
spring-projects/spring-framework,spring-core/src/main/java/org/springframework/core/MethodParameter.java,100,2.6451612903225805,264.51612903225805
spring-projects/spring-framework,spring-web/src/main/java/org/springframework/web/client/RestTemplate.java,159,1.6625,264.33750000000003
elastic/elasticsearch,server/src/main/java/org/elasticsearch/index/IndexSettings.java,206,1.2751677852348993,262.68456375838923
elastic/elasticsearch,server/src/internalClusterTest/java/org/elasticsearch/indices/recovery/IndexRecoveryIT.java,102,2.574074074074074,262.55555555555554
elastic/elasticsearch,x-pack/plugin/blob-cache/src/main/java/org/elasticsearch/blobcache/shared/SharedBlobCacheService.java,108,2.4285714285714284,262.2857142857143
spring-projects/spring-framework,spring-webmvc/src/main/java/org/springframework/web/servlet/config/ViewResolversBeanDefinitionParser.java,34,7.666666666666667,260.6666666666667
elastic/elasticsearch,x-pack/plugin/ccr/src/main/java/org/elasticsearch/xpack/ccr/action/TransportPutFollowAction.java,76,3.4285714285714284,260.57142857142856
elastic/elasticsearch,server/src/main/java/org/elasticsearch/repositories/RepositoryData.java,78,3.326923076923077,259.5
spring-projects/spring-framework,spring-web/src/main/java/org/springframework/http/converter/json/AbstractJackson2HttpMessageConverter.java,90,2.878787878787879,259.0909090909091
elastic/elasticsearch,server/src/main/java/org/elasticsearch/indices/recovery/PeerRecoveryTargetService.java,111,2.3333333333333335,259.0
spring-projects/spring-framework,spring-jms/src/main/java/org/springframework/jms/support/SimpleJmsHeaderMapper.java,23,11.25,258.75
termux/termux-app,terminal-view/src/main/java/com/termux/view/TerminalView.java,64,4.0256410256410255,257.64102564102564
elastic/elasticsearch,server/src/test/java/org/elasticsearch/index/replication/RecoveryDuringReplicationTests.java,81,3.1785714285714284,257.4642857142857
NationalSecurityAgency/ghidra,Ghidra/Features/GhidraServer/src/main/java/ghidra/server/remote/GhidraServer.java,29,8.842105263157896,256.42105263157896
elastic/elasticsearch,server/src/main/java/org/elasticsearch/search/aggregations/bucket/terms/TermsAggregatorFactory.java,65,3.9444444444444446,256.3888888888889
elastic/elasticsearch,server/src/main/java/org/elasticsearch/transport/RemoteClusterService.java,111,2.3,255.29999999999998
spring-projects/spring-framework,spring-expression/src/main/java/org/springframework/expression/spel/ast/Operator.java,38,6.7,254.6
elastic/elasticsearch,server/src/main/java/org/elasticsearch/rest/RestController.java,103,2.4705882352941178,254.47058823529412
elastic/elasticsearch,server/src/internalClusterTest/java/org/elasticsearch/snapshots/SharedClusterSnapshotRestoreIT.java,88,2.880952380952381,253.52380952380952
spring-projects/spring-framework,spring-orm/src/main/java/org/springframework/orm/jpa/support/PersistenceAnnotationBeanPostProcessor.java,77,3.2790697674418605,252.48837209302326
elastic/elasticsearch,server/src/main/java/org/elasticsearch/common/io/stream/StreamInput.java,106,2.371900826446281,251.42148760330576
elastic/elasticsearch,x-pack/plugin/core/src/main/java/org/elasticsearch/xpack/core/security/authz/permission/IndicesPermission.java,63,3.981818181818182,250.85454545454547
spring-projects/spring-framework,spring-jdbc/src/main/java/org/springframework/jdbc/core/namedparam/NamedParameterUtils.java,49,5.117647058823529,250.76470588235293
elastic/elasticsearch,build-tools-internal/src/main/java/org/elasticsearch/gradle/internal/ElasticsearchTestBasePlugin.java,47,5.333333333333333,250.66666666666666
spring-projects/spring-framework,spring-webmvc/src/main/java/org/springframework/web/servlet/mvc/method/annotation/MvcUriComponentsBuilder.java,112,2.2222222222222223,248.8888888888889
elastic/elasticsearch,server/src/main/java/org/elasticsearch/search/sort/FieldSortBuilder.java,69,3.5952380952380953,248.07142857142858
spring-projects/spring-framework,spring-beans/src/main/java/org/springframework/beans/factory/annotation/QualifierAnnotationAutowireCandidateResolver.java,48,5.166666666666667,248.0
elastic/elasticsearch,x-pack/plugin/ccr/src/test/java/org/elasticsearch/xpack/ccr/index/engine/FollowingEngineTests.java,89,2.78125,247.53125
spring-projects/spring-framework,spring-core/src/main/java/org/springframework/core/annotation/AnnotationsScanner.java,45,5.5,247.5
NationalSecurityAgency/ghidra,Ghidra/Framework/SoftwareModeling/src/main/java/ghidra/program/database/data/DataTypeManagerDB.java,76,3.2560975609756095,247.46341463414632
elastic/elasticsearch,x-pack/plugin/esql/src/test/java/org/elasticsearch/xpack/esql/expression/function/scalar/conditional/CaseTests.java,56,4.357142857142857,243.99999999999997
elastic/elasticsearch,server/src/main/java/org/elasticsearch/index/engine/LuceneChangesSnapshot.java,59,4.125,243.375
spring-projects/spring-framework,spring-context/src/main/java/org/springframework/context/support/AbstractApplicationContext.java,132,1.8365384615384615,242.4230769230769
elastic/elasticsearch,server/src/main/java/org/elasticsearch/action/search/SearchRequest.java,116,2.0821917808219177,241.53424657534245
elastic/elasticsearch,server/src/main/java/org/elasticsearch/index/translog/Translog.java,112,2.1550387596899223,241.3643410852713
spring-projects/spring-framework,spring-context/src/main/java/org/springframework/context/annotation/CommonAnnotationBeanPostProcessor.java,83,2.9069767441860463,241.27906976744185
spring-projects/spring-framework,spring-web/src/main/java/org/springframework/web/cors/CorsConfiguration.java,76,3.1627906976744184,240.37209302325581
elastic/elasticsearch,x-pack/plugin/esql-datasource-csv/src/main/java/org/elasticsearch/xpack/esql/datasource/csv/CsvFormatReader.java,41,5.841269841269841,239.49206349206347
elastic/elasticsearch,modules/transport-netty4/src/main/java/org/elasticsearch/transport/netty4/Netty4Transport.java,114,2.1,239.4
elastic/elasticsearch,x-pack/plugin/core/src/main/java/org/elasticsearch/xpack/core/ilm/TimeseriesLifecycleType.java,44,5.428571428571429,238.85714285714286
elastic/elasticsearch,modules/percolator/src/main/java/org/elasticsearch/percolator/PercolatorFieldMapper.java,130,1.8275862068965518,237.58620689655174
elastic/elasticsearch,server/src/internalClusterTest/java/org/elasticsearch/cluster/ClusterStateDiffIT.java,53,4.476190476190476,237.23809523809524
elastic/elasticsearch,server/src/test/java/org/elasticsearch/action/search/CanMatchPreFilterSearchPhaseTests.java,68,3.4864864864864864,237.08108108108107
spring-projects/spring-framework,spring-beans/src/main/java/org/springframework/beans/factory/support/AutowireUtils.java,49,4.8,235.2
spring-projects/spring-framework,spring-beans/src/main/java/org/springframework/beans/factory/xml/BeanDefinitionParserDelegate.java,53,4.428571428571429,234.71428571428572
elastic/elasticsearch,x-pack/plugin/core/src/main/java/org/elasticsearch/xpack/core/ml/annotations/AnnotationIndex.java,44,5.333333333333333,234.66666666666666
spring-projects/spring-framework,spring-web/src/main/java/org/springframework/web/SpringServletContainerInitializer.java,26,9.0,234.0
elastic/elasticsearch,qa/vector/src/main/java/org/elasticsearch/test/knn/KnnIndexTester.java,57,4.1,233.7
elastic/elasticsearch,x-pack/plugin/ccr/src/main/java/org/elasticsearch/xpack/ccr/repository/CcrRepository.java,144,1.6176470588235294,232.94117647058823
elastic/elasticsearch,server/src/main/java/org/elasticsearch/action/search/QueryPhaseResultConsumer.java,54,4.3,232.2
elastic/elasticsearch,server/src/main/java/org/elasticsearch/cluster/routing/allocation/AllocationService.java,91,2.5510204081632653,232.14285714285714
spring-projects/spring-framework,spring-webmvc/src/main/java/org/springframework/web/servlet/mvc/method/annotation/ExceptionHandlerExceptionResolver.java,87,2.6666666666666665,232.0
elastic/elasticsearch,server/src/main/java/org/elasticsearch/cluster/ClusterState.java,132,1.7570093457943925,231.92523364485982
spring-projects/spring-framework,spring-expression/src/main/java/org/springframework/expression/spel/ast/FunctionReference.java,44,5.25,231.0
elastic/elasticsearch,server/src/main/java/org/elasticsearch/search/SearchHit.java,96,2.397590361445783,230.1686746987952
elastic/elasticsearch,x-pack/plugin/core/src/main/java/org/elasticsearch/xpack/core/XPackSettings.java,92,2.5,230.0
elastic/elasticsearch,server/src/main/java/org/elasticsearch/index/shard/StoreRecovery.java,72,3.1739130434782608,228.52173913043478
elastic/elasticsearch,server/src/test/java/org/elasticsearch/indices/cluster/IndicesClusterStateServiceRandomUpdatesTests.java,58,3.933333333333333,228.13333333333333
elastic/elasticsearch,test/fixtures/s3-fixture/src/main/java/fixture/s3/S3HttpHandler.java,53,4.282608695652174,226.97826086956522
spring-projects/spring-framework,spring-web/src/main/java/org/springframework/web/util/pattern/PathPattern.java,75,3.025,226.875
spring-projects/spring-framework,spring-aop/src/main/java/org/springframework/aop/framework/JdkDynamicAopProxy.java,42,5.4,226.8
elastic/elasticsearch,server/src/main/java/org/elasticsearch/index/store/Store.java,117,1.9375,226.6875
elastic/elasticsearch,server/src/main/java/org/elasticsearch/action/index/IndexRequest.java,139,1.6235294117647059,225.6705882352941
spring-projects/spring-framework,spring-expression/src/main/java/org/springframework/expression/spel/standard/InternalSpelExpressionParser.java,51,4.423076923076923,225.5769230769231
elastic/elasticsearch,x-pack/plugin/core/src/main/java/org/elasticsearch/xpack/core/ml/job/persistence/ElasticsearchMappings.java,52,4.333333333333333,225.33333333333331
NationalSecurityAgency/ghidra,Ghidra/Processors/MIPS/src/main/java/ghidra/app/util/bin/format/elf/relocation/MIPS_ElfRelocationHandler.java,21,10.68421052631579,224.3684210526316
NationalSecurityAgency/ghidra,Ghidra/Features/Base/src/main/java/ghidra/app/util/opinion/OmfLoader.java,32,7.0,224.0
spring-projects/spring-framework,spring-core/src/main/java/org/springframework/util/NumberUtils.java,27,8.285714285714286,223.71428571428572
elastic/elasticsearch,client/rest/src/main/java/org/elasticsearch/client/RestClient.java,77,2.9019607843137254,223.45098039215685
elastic/elasticsearch,test/fixtures/gcs-fixture/src/main/java/fixture/gcs/GoogleCloudStorageHttpHandler.java,53,4.2105263157894735,223.15789473684208
elastic/elasticsearch,modules/data-streams/src/main/java/org/elasticsearch/datastreams/lifecycle/DataStreamLifecycleService.java,67,3.327272727272727,222.9272727272727
elastic/elasticsearch,server/src/main/java/org/elasticsearch/cluster/routing/allocation/allocator/DesiredBalanceReconciler.java,49,4.545454545454546,222.72727272727275
elastic/elasticsearch,server/src/main/java/org/elasticsearch/cluster/service/MasterService.java,107,2.078740157480315,222.4251968503937
elastic/elasticsearch,x-pack/plugin/esql/qa/server/src/main/java/org/elasticsearch/xpack/esql/qa/rest/RestEsqlTestCase.java,118,1.8833333333333333,222.23333333333332
elastic/elasticsearch,server/src/main/java/org/elasticsearch/plugins/PluginsService.java,88,2.5185185185185186,221.62962962962965
spring-projects/spring-framework,spring-websocket/src/main/java/org/springframework/web/socket/sockjs/support/AbstractSockJsService.java,92,2.4,220.79999999999998
NationalSecurityAgency/ghidra,Ghidra/Features/Decompiler/ghidra_scripts/classrecovery/RTTIWindowsClassRecoverer.java,37,5.948275862068965,220.08620689655172
elastic/elasticsearch,server/src/main/java/org/elasticsearch/action/admin/indices/create/TransportCreateIndexAction.java,44,5.0,220.0
elastic/elasticsearch,server/src/main/java/org/elasticsearch/threadpool/ThreadPool.java,122,1.8026315789473684,219.92105263157893
NationalSecurityAgency/ghidra,Ghidra/Features/Decompiler/ghidra_scripts/classrecovery/RTTIGccClassRecoverer.java,42,5.230769230769231,219.6923076923077
NationalSecurityAgency/ghidra,Ghidra/Features/Decompiler/ghidra_scripts/classrecovery/RecoveredClassHelper.java,45,4.88030888030888,219.6138996138996
elastic/elasticsearch,server/src/test/java/org/elasticsearch/action/admin/indices/rollover/MetadataRolloverServiceTests.java,91,2.409090909090909,219.22727272727275
spring-projects/spring-framework,spring-jdbc/src/main/java/org/springframework/jdbc/support/SQLErrorCodeSQLExceptionTranslator.java,36,6.076923076923077,218.76923076923077
spring-projects/spring-framework,spring-context/src/main/java/org/springframework/context/support/DefaultLifecycleProcessor.java,71,3.075,218.32500000000002
elastic/elasticsearch,server/src/main/java/org/elasticsearch/action/search/MultiSearchRequest.java,49,4.416666666666667,216.41666666666669
elastic/elasticsearch,x-pack/plugin/esql/compute/gen/src/main/java/org/elasticsearch/compute/gen/AggregatorImplementer.java,61,3.5454545454545454,216.27272727272728
elastic/elasticsearch,x-pack/plugin/esql/compute/src/main/java/org/elasticsearch/compute/data/BlockUtils.java,44,4.909090909090909,216.0
spring-projects/spring-framework,spring-test/src/main/java/org/springframework/test/context/bean/override/BeanOverrideBeanFactoryPostProcessor.java,54,4.0,216.0
elastic/elasticsearch,server/src/main/java/org/elasticsearch/action/admin/indices/settings/put/TransportUpdateSettingsAction.java,43,5.0,215.0
elastic/elasticsearch,server/src/test/java/org/elasticsearch/cluster/routing/allocation/NodeVersionAllocationDeciderTests.java,52,4.125,214.5
elastic/elasticsearch,server/src/main/java/org/elasticsearch/snapshots/SnapshotInfo.java,72,2.978723404255319,214.46808510638297
elastic/elasticsearch,server/src/main/java/org/elasticsearch/index/mapper/CompletionFieldMapper.java,95,2.25531914893617,214.25531914893617
spring-projects/spring-framework,spring-webflux/src/main/java/org/springframework/web/reactive/result/method/annotation/AbstractMessageReaderArgumentResolver.java,51,4.2,214.20000000000002
spring-projects/spring-framework,spring-webflux/src/main/java/org/springframework/web/reactive/function/client/DefaultWebClient.java,149,1.435897435897436,213.94871794871796
elastic/elasticsearch,server/src/test/java/org/elasticsearch/indices/recovery/RecoverySourceHandlerTests.java,115,1.8588235294117648,213.76470588235296
spring-projects/spring-framework,spring-oxm/src/main/java/org/springframework/oxm/jaxb/Jaxb2Marshaller.java,77,2.772727272727273,213.50000000000003
elastic/elasticsearch,server/src/main/java/org/elasticsearch/index/search/QueryStringQueryParser.java,56,3.8,212.79999999999998
spring-projects/spring-framework,spring-web/src/main/java/org/springframework/web/util/WebUtils.java,62,3.423076923076923,212.23076923076923
spring-projects/spring-framework,spring-core/src/main/java/org/springframework/core/GenericTypeResolver.java,60,3.533333333333333,212.0
elastic/elasticsearch,modules/lang-expression/src/main/java/org/elasticsearch/script/expression/ExpressionScriptEngine.java,47,4.5,211.5
elastic/elasticsearch,x-pack/plugin/esql/compute/src/main/generated-src/org/elasticsearch/compute/data/IntBlock.java,48,4.4,211.20000000000002
elastic/elasticsearch,modules/reindex/src/main/java/org/elasticsearch/reindex/Reindexer.java,69,3.0526315789473686,210.63157894736844
elastic/elasticsearch,server/src/main/java/org/elasticsearch/gateway/PersistedClusterStateService.java,67,3.1403508771929824,210.40350877192984
spring-projects/spring-framework,spring-webflux/src/main/java/org/springframework/web/reactive/result/method/annotation/AbstractMessageWriterResultHandler.java,50,4.2,210.0
elastic/elasticsearch,server/src/main/java/org/elasticsearch/search/vectors/KnnVectorQueryBuilder.java,64,3.28125,210.0
spring-projects/spring-framework,spring-webflux/src/main/java/org/springframework/web/reactive/result/view/ViewResolutionResultHandler.java,60,3.5,210.0
spring-projects/spring-framework,spring-webmvc/src/main/java/org/springframework/web/servlet/mvc/method/annotation/AbstractMessageConverterMethodArgumentResolver.java,63,3.3333333333333335,210.0
spring-projects/spring-framework,spring-webmvc/src/main/java/org/springframework/web/servlet/handler/AbstractHandlerMethodMapping.java,99,2.1176470588235294,209.64705882352942
termux/termux-app,app/src/main/java/com/termux/app/terminal/TermuxTerminalViewClient.java,50,4.17948717948718,208.97435897435898
elastic/elasticsearch,modules/lang-painless/src/main/java/org/elasticsearch/painless/PainlessScriptEngine.java,59,3.5384615384615383,208.76923076923077
elastic/elasticsearch,server/src/test/java/org/elasticsearch/index/query/QueryStringQueryBuilderTests.java,79,2.6363636363636362,208.27272727272725
spring-projects/spring-framework,spring-beans/src/main/java/org/springframework/beans/factory/support/GenericTypeAwareAutowireCandidateResolver.java,33,6.285714285714286,207.42857142857142
elastic/elasticsearch,server/src/main/java/org/elasticsearch/action/search/SearchQueryThenFetchAsyncAction.java,62,3.341463414634146,207.17073170731706
elastic/elasticsearch,server/src/internalClusterTest/java/org/elasticsearch/recovery/RelocationIT.java,44,4.705882352941177,207.05882352941177
elastic/elasticsearch,modules/lang-painless/src/main/java/org/elasticsearch/painless/DefBootstrap.java,46,4.5,207.0
elastic/elasticsearch,x-pack/plugin/ccr/src/test/java/org/elasticsearch/xpack/CcrIntegTestCase.java,103,2.0,206.0
elastic/elasticsearch,x-pack/plugin/core/src/main/java/org/elasticsearch/xpack/core/XPackPlugin.java,131,1.5714285714285714,205.85714285714286
spring-projects/spring-framework,spring-core/src/main/java/org/springframework/core/io/buffer/DataBufferUtils.java,111,1.8533333333333333,205.72
spring-projects/spring-framework,spring-webflux/src/main/java/org/springframework/web/reactive/result/method/annotation/ResponseEntityResultHandler.java,40,5.142857142857143,205.71428571428572
spring-projects/spring-framework,spring-beans/src/main/java/org/springframework/beans/AbstractNestablePropertyAccessor.java,57,3.607843137254902,205.64705882352942
spring-projects/spring-framework,spring-context/src/main/java/org/springframework/validation/DataBinder.java,80,2.569620253164557,205.56962025316454
elastic/elasticsearch,server/src/main/java/org/elasticsearch/index/mapper/RangeFieldMapper.java,93,2.2083333333333335,205.375
elastic/elasticsearch,server/src/main/java/org/elasticsearch/cluster/action/shard/ShardStateAction.java,91,2.25531914893617,205.23404255319147
spring-projects/spring-framework,spring-aop/src/main/java/org/springframework/aop/framework/autoproxy/AbstractAutoProxyCreator.java,62,3.3076923076923075,205.07692307692307
elastic/elasticsearch,server/src/main/java/org/elasticsearch/transport/RemoteClusterAware.java,55,3.727272727272727,205.0
elastic/elasticsearch,server/src/test/java/org/elasticsearch/action/admin/indices/rollover/TransportRolloverActionTests.java,66,3.1052631578947367,204.94736842105263
spring-projects/spring-framework,spring-core/src/main/java/org/springframework/util/MimeType.java,65,3.138888888888889,204.02777777777777
elastic/elasticsearch,test/framework/src/main/java/org/elasticsearch/test/transport/MockTransportService.java,139,1.4655172413793103,203.70689655172413
elastic/elasticsearch,server/src/test/java/org/elasticsearch/search/SearchServiceTests.java,139,1.4642857142857142,203.53571428571428
spring-projects/spring-framework,spring-web/src/main/java/org/springframework/web/util/UrlPathHelper.java,76,2.6666666666666665,202.66666666666666
elastic/elasticsearch,server/src/main/java/org/elasticsearch/index/seqno/ReplicationTracker.java,77,2.6315789473684212,202.63157894736844
spring-projects/spring-framework,spring-websocket/src/main/java/org/springframework/web/socket/config/WebSocketNamespaceUtils.java,35,5.75,201.25
NationalSecurityAgency/ghidra,Ghidra/Features/Base/src/main/java/ghidra/app/plugin/core/compositeeditor/StructureEditorModel.java,37,5.433962264150943,201.0566037735849
spring-projects/spring-framework,spring-jms/src/main/java/org/springframework/jms/listener/DefaultMessageListenerContainer.java,73,2.7540983606557377,201.04918032786884
elastic/elasticsearch,x-pack/plugin/esql/src/internalClusterTest/java/org/elasticsearch/xpack/esql/action/TimeSeriesIT.java,50,4.0,200.0
elastic/elasticsearch,modules/lang-mustache/src/main/java/org/elasticsearch/script/mustache/TransportSearchTemplateAction.java,50,4.0,200.0
elastic/elasticsearch,x-pack/plugin/core/src/main/java/org/elasticsearch/xpack/core/ml/datafeed/DatafeedConfig.java,74,2.702127659574468,199.9574468085106
elastic/elasticsearch,server/src/test/java/org/elasticsearch/cluster/ClusterStateTests.java,94,2.125,199.75
elastic/elasticsearch,modules/mapper-extras/src/main/java/org/elasticsearch/index/mapper/extras/MatchOnlyTextFieldMapper.java,87,2.2941176470588234,199.58823529411762
elastic/elasticsearch,server/src/main/java/org/elasticsearch/action/admin/cluster/health/TransportClusterHealthAction.java,49,4.0625,199.0625
spring-projects/spring-framework,spring-web/src/main/java/org/springframework/http/codec/json/AbstractJackson2Encoder.java,62,3.210526315789474,199.05263157894737
elastic/elasticsearch,x-pack/plugin/core/src/main/java/org/elasticsearch/xpack/core/security/authz/privilege/IndexPrivilege.java,75,2.6470588235294117,198.52941176470588
elastic/elasticsearch,x-pack/plugin/esql/compute/src/main/generated-src/org/elasticsearch/compute/data/DoubleBlock.java,45,4.4,198.00000000000003
elastic/elasticsearch,x-pack/plugin/esql/compute/src/main/generated-src/org/elasticsearch/compute/data/LongBlock.java,45,4.4,198.00000000000003
elastic/elasticsearch,server/src/main/java/org/elasticsearch/action/update/TransportUpdateAction.java,54,3.6666666666666665,198.0
spring-projects/spring-framework,spring-web/src/main/java/org/springframework/http/MediaType.java,111,1.7826086956521738,197.86956521739128
elastic/elasticsearch,x-pack/plugin/esql/src/main/java/org/elasticsearch/xpack/esql/optimizer/LogicalPlanOptimizer.java,173,1.1428571428571428,197.7142857142857
elastic/elasticsearch,modules/repository-s3/src/main/java/org/elasticsearch/repositories/s3/S3BlobContainer.java,59,3.3392857142857144,197.01785714285714
elastic/elasticsearch,server/src/test/java/org/elasticsearch/index/mapper/TextFieldMapperTests.java,146,1.348623853211009,196.89908256880733
elastic/elasticsearch,x-pack/plugin/core/src/main/java/org/elasticsearch/xpack/core/termsenum/action/TransportTermsEnumAction.java,49,4.0,196.0
spring-projects/spring-framework,spring-core/src/main/java/org/springframework/core/CollectionFactory.java,48,4.071428571428571,195.42857142857142
elastic/elasticsearch,server/src/test/java/org/elasticsearch/ingest/IngestServiceTests.java,138,1.415929203539823,195.39823008849558
elastic/elasticsearch,server/src/test/java/org/elasticsearch/index/store/StoreTests.java,56,3.488372093023256,195.34883720930233
spring-projects/spring-framework,spring-webmvc/src/main/java/org/springframework/web/servlet/FrameworkServlet.java,92,2.1228070175438596,195.29824561403507
elastic/elasticsearch,server/src/main/java/org/elasticsearch/cluster/routing/RoutingNodes.java,73,2.6732673267326734,195.14851485148515
elastic/elasticsearch,modules/mapper-extras/src/main/java/org/elasticsearch/index/mapper/extras/ScaledFloatFieldMapper.java,85,2.2950819672131146,195.08196721311475
elastic/elasticsearch,modules/rank-eval/src/main/java/org/elasticsearch/index/rankeval/TransportRankEvalAction.java,60,3.25,195.0
elastic/elasticsearch,server/src/main/java/org/elasticsearch/common/settings/Setting.java,117,1.6666666666666667,195.0
spring-projects/spring-framework,spring-core/src/main/java/org/springframework/core/convert/TypeDescriptor.java,93,2.0930232558139537,194.6511627906977
elastic/elasticsearch,x-pack/plugin/esql/src/main/java/org/elasticsearch/xpack/esql/session/EsqlCCSUtils.java,43,4.526315789473684,194.6315789473684
NationalSecurityAgency/ghidra,Ghidra/Framework/Docking/src/main/java/docking/DockingWindowManager.java,81,2.4011976047904193,194.49700598802397
spring-projects/spring-framework,spring-context/src/main/java/org/springframework/context/event/ApplicationListenerMethodAdapter.java,69,2.8181818181818183,194.45454545454547
elastic/elasticsearch,server/src/main/java/org/elasticsearch/action/search/CanMatchPreFilterSearchPhase.java,62,3.130434782608696,194.08695652173913
elastic/elasticsearch,server/src/internalClusterTest/java/org/elasticsearch/indices/stats/IndexStatsIT.java,41,4.730769230769231,193.96153846153845
elastic/elasticsearch,server/src/main/java/org/elasticsearch/index/termvectors/TermVectorsService.java,55,3.5238095238095237,193.8095238095238
elastic/elasticsearch,test/framework/src/test/java/org/elasticsearch/test/test/InternalTestClusterTests.java,78,2.473684210526316,192.94736842105263
spring-projects/spring-framework,spring-beans/src/main/java/org/springframework/beans/factory/config/YamlProcessor.java,56,3.4375,192.5
elastic/elasticsearch,server/src/main/java/org/elasticsearch/action/search/FetchSearchPhase.java,55,3.5,192.5
NationalSecurityAgency/ghidra,Ghidra/Debug/Debugger/src/main/java/ghidra/app/plugin/core/debug/gui/listing/DebuggerListingProvider.java,83,2.317073170731707,192.3170731707317
elastic/elasticsearch,server/src/test/java/org/elasticsearch/cluster/metadata/MetadataTests.java,133,1.4423076923076923,191.82692307692307
spring-projects/spring-framework,spring-webmvc/src/main/java/org/springframework/web/servlet/mvc/method/annotation/RequestPartMethodArgumentResolver.java,46,4.166666666666667,191.66666666666669
elastic/elasticsearch,server/src/main/java/org/elasticsearch/action/admin/indices/stats/CommonStats.java,42,4.5625,191.625
spring-projects/spring-framework,spring-web/src/main/java/org/springframework/http/converter/json/Jackson2ObjectMapperBuilder.java,106,1.8064516129032258,191.48387096774192
elastic/elasticsearch,server/src/main/java/org/elasticsearch/search/aggregations/bucket/composite/CompositeAggregator.java,67,2.857142857142857,191.42857142857144
elastic/elasticsearch,server/src/main/java/org/elasticsearch/common/io/stream/StreamOutput.java,110,1.7391304347826086,191.30434782608694
elastic/elasticsearch,server/src/test/java/org/elasticsearch/search/fetch/subphase/highlight/HighlightBuilderTests.java,59,3.242424242424242,191.30303030303028
spring-projects/spring-framework,spring-context/src/main/java/org/springframework/jmx/export/MBeanExporter.java,66,2.8979591836734695,191.26530612244898
spring-projects/spring-framework,spring-context/src/main/java/org/springframework/context/annotation/ConfigurationClassUtils.java,37,5.166666666666667,191.16666666666669
elastic/elasticsearch,modules/analysis-common/src/main/java/org/elasticsearch/analysis/common/CommonAnalysisPlugin.java,95,2.0,190.0
termux/termux-app,app/src/main/java/com/termux/app/RunCommandService.java,49,3.875,189.875
spring-projects/spring-framework,spring-web/src/main/java/org/springframework/http/server/ServletServerHttpRequest.java,70,2.7083333333333335,189.58333333333334
spring-projects/spring-framework,spring-web/src/main/java/org/springframework/web/util/pattern/InternalPathPatternParser.java,26,7.2727272727272725,189.0909090909091
elastic/elasticsearch,server/src/main/java/org/elasticsearch/ingest/IngestDocument.java,81,2.3333333333333335,189.0
spring-projects/spring-framework,spring-core/src/main/java/org/springframework/core/CoroutinesUtils.java,42,4.5,189.0
spring-projects/spring-framework,spring-webmvc/src/main/java/org/springframework/web/servlet/handler/AbstractUrlHandlerMapping.java,56,3.375,189.0
elastic/elasticsearch,server/src/test/java/org/elasticsearch/index/shard/RefreshListenersTests.java,85,2.2222222222222223,188.88888888888889
elastic/elasticsearch,server/src/test/java/org/elasticsearch/cluster/routing/allocation/decider/DiskThresholdDeciderTests.java,69,2.72972972972973,188.35135135135135
elastic/elasticsearch,server/src/main/java/org/elasticsearch/common/lucene/Lucene.java,80,2.3466666666666667,187.73333333333335
elastic/elasticsearch,server/src/main/java/org/elasticsearch/index/mapper/FieldTypeLookup.java,49,3.8181818181818183,187.0909090909091
spring-projects/spring-framework,spring-aop/src/main/java/org/springframework/aop/aspectj/AspectJAdviceParameterNameDiscoverer.java,38,4.923076923076923,187.0769230769231
NationalSecurityAgency/ghidra,Ghidra/Features/Base/src/main/java/ghidra/app/util/bin/format/macho/commands/chained/DyldChainedFixups.java,16,11.666666666666666,186.66666666666666
elastic/elasticsearch,x-pack/plugin/esql/compute/src/main/generated-src/org/elasticsearch/compute/data/BytesRefBlock.java,43,4.333333333333333,186.33333333333331
spring-projects/spring-framework,spring-web/src/main/java/org/springframework/web/method/annotation/AbstractNamedValueMethodArgumentResolver.java,51,3.642857142857143,185.78571428571428
spring-projects/spring-framework,spring-expression/src/main/java/org/springframework/expression/spel/ast/OpMinus.java,26,7.142857142857143,185.71428571428572
elastic/elasticsearch,server/src/main/java/org/elasticsearch/action/search/DfsQueryPhase.java,45,4.125,185.625
spring-projects/spring-framework,spring-web/src/main/java/org/springframework/web/context/request/async/WebAsyncManager.java,79,2.347826086956522,185.47826086956525
elastic/elasticsearch,server/src/main/java/org/elasticsearch/index/mapper/MappingLookup.java,82,2.26,185.32
spring-projects/spring-framework,spring-expression/src/main/java/org/springframework/expression/spel/ast/Selection.java,30,6.166666666666667,185.0
spring-projects/spring-framework,spring-core/src/main/java/org/springframework/core/annotation/AnnotatedElementUtils.java,127,1.4545454545454546,184.72727272727272
elastic/elasticsearch,server/src/main/java/org/elasticsearch/discovery/DiscoveryModule.java,59,3.125,184.375
elastic/elasticsearch,server/src/main/java/org/elasticsearch/action/admin/indices/mapping/put/TransportPutMappingAction.java,46,4.0,184.0
spring-projects/spring-framework,spring-context/src/main/java/org/springframework/context/support/ReloadableResourceBundleMessageSource.java,51,3.607142857142857,183.96428571428572
NationalSecurityAgency/ghidra,Ghidra/Processors/x86/src/main/java/ghidra/app/util/bin/format/elf/relocation/X86_64_ElfRelocationHandler.java,17,10.8,183.60000000000002
elastic/elasticsearch,server/src/test/java/org/elasticsearch/index/codec/tsdb/es819/ES819TSDBDocValuesFormatTests.java,50,3.6666666666666665,183.33333333333331
elastic/elasticsearch,server/src/test/java/org/elasticsearch/index/mapper/RangeFieldTypeTests.java,50,3.652173913043478,182.6086956521739
elastic/elasticsearch,server/src/main/java/org/elasticsearch/indices/IndicesModule.java,73,2.5,182.5
elastic/elasticsearch,server/src/internalClusterTest/java/org/elasticsearch/index/store/CorruptedFileIT.java,45,4.055555555555555,182.5
spring-projects/spring-framework,spring-jms/src/main/java/org/springframework/jms/connection/CachingConnectionFactory.java,49,3.7241379310344827,182.48275862068965
elastic/elasticsearch,x-pack/plugin/ccr/src/test/java/org/elasticsearch/xpack/ccr/action/ShardFollowTaskReplicationTests.java,86,2.121212121212121,182.4242424242424
elastic/elasticsearch,test/framework/src/main/java/org/elasticsearch/repositories/blobstore/BlobStoreTestUtil.java,57,3.2,182.4
elastic/elasticsearch,server/src/main/java/org/elasticsearch/action/support/master/TransportMasterNodeAction.java,58,3.142857142857143,182.28571428571428
elastic/elasticsearch,server/src/test/java/org/elasticsearch/action/search/SearchResponseMergerTests.java,44,4.137931034482759,182.0689655172414
elastic/elasticsearch,x-pack/plugin/core/src/main/java/org/elasticsearch/xpack/core/ml/inference/TrainedModelConfig.java,78,2.3333333333333335,182.0
spring-projects/spring-framework,spring-context/src/main/java/org/springframework/context/annotation/AnnotationBeanNameGenerator.java,52,3.5,182.0
spring-projects/spring-framework,spring-jdbc/src/main/java/org/springframework/jdbc/core/JdbcTemplate.java,92,1.9776119402985075,181.9402985074627
spring-projects/spring-framework,spring-core/src/main/java/org/springframework/core/BridgeMethodResolver.java,43,4.230769230769231,181.92307692307693
elastic/elasticsearch,server/src/test/java/org/elasticsearch/cluster/routing/allocation/allocator/DesiredBalanceComputerTests.java,65,2.796875,181.796875
elastic/elasticsearch,server/src/main/java/org/elasticsearch/action/admin/indices/create/AutoCreateAction.java,63,2.8823529411764706,181.58823529411765
elastic/elasticsearch,x-pack/plugin/esql/compute/src/main/generated-src/org/elasticsearch/compute/data/BooleanBlock.java,43,4.222222222222222,181.55555555555557
spring-projects/spring-framework,spring-messaging/src/main/java/org/springframework/messaging/handler/annotation/support/AbstractNamedValueMethodArgumentResolver.java,44,4.125,181.5
elastic/elasticsearch,x-pack/plugin/esql/src/test/java/org/elasticsearch/xpack/esql/optimizer/LocalPhysicalPlanOptimizerTests.java,129,1.4031007751937985,181.0
spring-projects/spring-framework,spring-web/src/main/java/org/springframework/web/method/annotation/RequestParamMethodArgumentResolver.java,47,3.8333333333333335,180.16666666666669
spring-projects/spring-framework,spring-expression/src/main/java/org/springframework/expression/spel/ast/PropertyOrFieldReference.java,51,3.526315789473684,179.8421052631579
spring-projects/spring-framework,spring-beans/src/test/java/org/springframework/beans/factory/DefaultListableBeanFactoryTests.java,163,1.1,179.3
NationalSecurityAgency/ghidra,Ghidra/Features/Base/src/main/java/ghidra/app/util/opinion/AbstractLibrarySupportLoader.java,50,3.5853658536585367,179.26829268292684
spring-projects/spring-framework,spring-expression/src/main/java/org/springframework/expression/spel/ast/OpMultiply.java,28,6.4,179.20000000000002
spring-projects/spring-framework,spring-webmvc/src/main/java/org/springframework/web/servlet/handler/AbstractHandlerMapping.java,87,2.0425531914893615,177.70212765957444
spring-projects/spring-framework,spring-test/src/main/java/org/springframework/test/context/support/TestPropertySourceUtils.java,58,3.0625,177.625
elastic/elasticsearch,server/src/test/java/org/elasticsearch/env/NodeEnvironmentTests.java,71,2.5,177.5
elastic/elasticsearch,server/src/main/java/org/elasticsearch/cluster/coordination/PublicationTransportHandler.java,71,2.5,177.5
NationalSecurityAgency/ghidra,Ghidra/Features/Base/src/main/java/ghidra/app/util/opinion/MachoLoader.java,38,4.666666666666667,177.33333333333334
spring-projects/spring-framework,spring-web/src/main/java/org/springframework/http/codec/EncoderHttpMessageWriter.java,68,2.6,176.8
elastic/elasticsearch,x-pack/plugin/core/src/main/java/org/elasticsearch/xpack/core/security/authz/store/ReservedRolesStore.java,156,1.1333333333333333,176.79999999999998
spring-projects/spring-framework,spring-aop/src/main/java/org/springframework/aop/aspectj/annotation/ReflectiveAspectJAdvisorFactory.java,43,4.111111111111111,176.77777777777777
elastic/elasticsearch,server/src/test/java/org/elasticsearch/index/engine/LuceneChangesSnapshotTests.java,44,4.0,176.0
elastic/elasticsearch,x-pack/plugin/esql/compute/src/main/generated/org/elasticsearch/compute/aggregation/SumLongGroupingAggregatorFunction.java,44,4.0,176.0
elastic/elasticsearch,x-pack/plugin/core/src/main/java/org/elasticsearch/xpack/core/XPackClientPlugin.java,176,1.0,176.0
elastic/elasticsearch,server/src/main/java/org/elasticsearch/http/AbstractHttpServerTransport.java,66,2.6666666666666665,176.0
elastic/elasticsearch,x-pack/plugin/esql/src/main/java/org/elasticsearch/xpack/esql/session/IndexResolver.java,48,3.6666666666666665,176.0
NationalSecurityAgency/ghidra,Ghidra/Framework/SoftwareModeling/src/main/java/ghidra/program/database/code/CodeManager.java,40,4.393939393939394,175.75757575757575
elastic/elasticsearch,test/framework/src/main/java/org/elasticsearch/test/ESSingleNodeTestCase.java,130,1.35,175.5
elastic/elasticsearch,test/framework/src/main/java/org/elasticsearch/cluster/metadata/DataStreamTestHelper.java,97,1.8076923076923077,175.34615384615384
elastic/elasticsearch,server/src/internalClusterTest/java/org/elasticsearch/snapshots/ConcurrentSnapshotsIT.java,91,1.9264705882352942,175.30882352941177
elastic/elasticsearch,server/src/main/java/org/elasticsearch/transport/OutboundHandler.java,53,3.3076923076923075,175.3076923076923
spring-projects/spring-framework,spring-core/src/main/java/org/springframework/aot/hint/BindingReflectionHintsRegistrar.java,36,4.857142857142857,174.85714285714283
spring-projects/spring-framework,spring-webmvc/src/main/java/org/springframework/web/servlet/mvc/condition/PatternsRequestCondition.java,57,3.066666666666667,174.8
elastic/elasticsearch,server/src/main/java/org/elasticsearch/search/aggregations/metrics/TopHitsAggregationBuilder.java,46,3.8,174.79999999999998
elastic/elasticsearch,x-pack/plugin/esql/compute/src/test/java/org/elasticsearch/compute/operator/topn/TopNOperatorTests.java,51,3.4204545454545454,174.4431818181818
spring-projects/spring-framework,spring-test/src/main/java/org/springframework/mock/web/MockHttpServletResponse.java,96,1.8148148148148149,174.22222222222223
spring-projects/spring-framework,spring-core/src/main/java/org/springframework/util/CollectionUtils.java,63,2.7586206896551726,173.79310344827587
spring-projects/spring-framework,spring-web/src/main/java/org/springframework/web/method/HandlerMethod.java,72,2.4,172.79999999999998
NationalSecurityAgency/ghidra,Ghidra/Features/Decompiler/src/main/java/ghidra/app/decompiler/DecompileCallback.java,40,4.319148936170213,172.7659574468085
elastic/elasticsearch,server/src/test/java/org/elasticsearch/cluster/service/MasterServiceTests.java,100,1.7253886010362693,172.53886010362694
spring-projects/spring-framework,spring-context/src/main/java/org/springframework/context/support/PostProcessorRegistrationDelegate.java,46,3.75,172.5
elastic/elasticsearch,server/src/test/java/org/elasticsearch/index/mapper/DateFieldMapperTests.java,111,1.5507246376811594,172.1304347826087
spring-projects/spring-framework,spring-test/src/main/java/org/springframework/test/context/TestContextManager.java,59,2.9166666666666665,172.08333333333331
spring-projects/spring-framework,spring-web/src/main/java/org/springframework/web/cors/DefaultCorsProcessor.java,43,4.0,172.0
elastic/elasticsearch,server/src/test/java/org/elasticsearch/cluster/metadata/MetadataCreateIndexServiceTests.java,124,1.3846153846153846,171.69230769230768
elastic/elasticsearch,server/src/main/java/org/elasticsearch/search/DefaultSearchContext.java,98,1.7475728155339805,171.2621359223301
elastic/elasticsearch,server/src/test/java/org/elasticsearch/cluster/metadata/MetadataIndexTemplateServiceTests.java,137,1.25,171.25
spring-projects/spring-framework,spring-core/src/main/java/org/springframework/core/ReactiveAdapterRegistry.java,79,2.1666666666666665,171.16666666666666
NationalSecurityAgency/ghidra,Ghidra/Features/Decompiler/ghidra_scripts/ApplyClassFunctionSignatureUpdatesScript.java,9,19.0,171.0
NationalSecurityAgency/ghidra,Ghidra/Processors/PowerPC/src/main/java/ghidra/app/util/bin/format/elf/relocation/PowerPC_ElfRelocationHandler.java,15,11.4,171.0
elastic/elasticsearch,x-pack/plugin/esql/compute/src/test/java/org/elasticsearch/compute/aggregation/blockhash/BlockHashTests.java,57,3.0,171.0
elastic/elasticsearch,modules/percolator/src/test/java/org/elasticsearch/percolator/CandidateQueryTests.java,70,2.4390243902439024,170.73170731707316
elastic/elasticsearch,x-pack/plugin/esql/compute/src/main/java/org/elasticsearch/compute/data/Block.java,65,2.625,170.625
spring-projects/spring-framework,spring-messaging/src/main/java/org/springframework/messaging/converter/MappingJackson2MessageConverter.java,58,2.9411764705882355,170.58823529411765
spring-projects/spring-framework,spring-messaging/src/main/java/org/springframework/messaging/simp/config/AbstractMessageBrokerConfiguration.java,93,1.8333333333333333,170.5
